[
  {
    "adm2_code": "02001",
    "municipio": "Azua",
    "provincia": "Azua",
    "region": "El Valle"
  },
  {
    "adm2_code": "02010",
    "municipio": "Estebanía",
    "provincia": "Azua",
    "region": "El Valle"
  },
  {
    "adm2_code": "02009",
    "municipio": "Guayabal",
    "provincia": "Azua",
    "region": "El Valle"
  },
  {
    "adm2_code": "02002",
    "municipio": "Las Charcas",
    "provincia": "Azua",
    "region": "El Valle"
  },
  {
    "adm2_code": "02003",
    "municipio": "Las Yayas de Viajama",
    "provincia": "Azua",
    "region": "El Valle"
  },
  {
    "adm2_code": "02004",
    "municipio": "Padre Las Casas",
    "provincia": "Azua",
    "region": "El Valle"
  },
  {
    "adm2_code": "02005",
    "municipio": "Peralta",
    "provincia": "Azua",
    "region": "El Valle"
  },
  {
    "adm2_code": "02007",
    "municipio": "Pueblo Viejo",
    "provincia": "Azua",
    "region": "El Valle"
  },
  {
    "adm2_code": "02006",
    "municipio": "Sabana Yegua",
    "provincia": "Azua",
    "region": "El Valle"
  },
  {
    "adm2_code": "02008",
    "municipio": "Tábara Arriba",
    "provincia": "Azua",
    "region": "El Valle"
  },
  {
    "adm2_code": "03002",
    "municipio": "Galván",
    "provincia": "Baoruco",
    "region": "Enriquillo"
  },
  {
    "adm2_code": "03005",
    "municipio": "Los Ríos",
    "provincia": "Baoruco",
    "region": "Enriquillo"
  },
  {
    "adm2_code": "03001",
    "municipio": "Neiba",
    "provincia": "Baoruco",
    "region": "Enriquillo"
  },
  {
    "adm2_code": "03003",
    "municipio": "Tamayo",
    "provincia": "Baoruco",
    "region": "Enriquillo"
  },
  {
    "adm2_code": "03004",
    "municipio": "Villa Jaragua",
    "provincia": "Baoruco",
    "region": "Enriquillo"
  },
  {
    "adm2_code": "04001",
    "municipio": "Barahona",
    "provincia": "Barahona",
    "region": "Enriquillo"
  },
  {
    "adm2_code": "04002",
    "municipio": "Cabral",
    "provincia": "Barahona",
    "region": "Enriquillo"
  },
  {
    "adm2_code": "04006",
    "municipio": "El Peñón",
    "provincia": "Barahona",
    "region": "Enriquillo"
  },
  {
    "adm2_code": "04003",
    "municipio": "Enriquillo",
    "provincia": "Barahona",
    "region": "Enriquillo"
  },
  {
    "adm2_code": "04008",
    "municipio": "Fundación",
    "provincia": "Barahona",
    "region": "Enriquillo"
  },
  {
    "adm2_code": "04011",
    "municipio": "Jaquimeyes",
    "provincia": "Barahona",
    "region": "Enriquillo"
  },
  {
    "adm2_code": "04007",
    "municipio": "La Ciénaga",
    "provincia": "Barahona",
    "region": "Enriquillo"
  },
  {
    "adm2_code": "04009",
    "municipio": "Las Salinas",
    "provincia": "Barahona",
    "region": "Enriquillo"
  },
  {
    "adm2_code": "04004",
    "municipio": "Paraíso",
    "provincia": "Barahona",
    "region": "Enriquillo"
  },
  {
    "adm2_code": "04010",
    "municipio": "Polo",
    "provincia": "Barahona",
    "region": "Enriquillo"
  },
  {
    "adm2_code": "04005",
    "municipio": "Vicente Noble",
    "provincia": "Barahona",
    "region": "Enriquillo"
  },
  {
    "adm2_code": "05001",
    "municipio": "Dajabón",
    "provincia": "Dajabón",
    "region": "Cibao Noroeste"
  },
  {
    "adm2_code": "05005",
    "municipio": "El Pino",
    "provincia": "Dajabón",
    "region": "Cibao Noroeste"
  },
  {
    "adm2_code": "05002",
    "municipio": "Loma de Cabrera",
    "provincia": "Dajabón",
    "region": "Cibao Noroeste"
  },
  {
    "adm2_code": "05003",
    "municipio": "Partido",
    "provincia": "Dajabón",
    "region": "Cibao Noroeste"
  },
  {
    "adm2_code": "05004",
    "municipio": "Restauración",
    "provincia": "Dajabón",
    "region": "Cibao Noroeste"
  },
  {
    "adm2_code": "01001",
    "municipio": "Santo Domingo de Guzmán",
    "provincia": "Distrito Nacional",
    "region": "Ozama"
  },
  {
    "adm2_code": "06002",
    "municipio": "Arenoso",
    "provincia": "Duarte",
    "region": "Cibao Nordeste"
  },
  {
    "adm2_code": "06003",
    "municipio": "Castillo",
    "provincia": "Duarte",
    "region": "Cibao Nordeste"
  },
  {
    "adm2_code": "06007",
    "municipio": "Eugenio María de Hostos",
    "provincia": "Duarte",
    "region": "Cibao Nordeste"
  },
  {
    "adm2_code": "06006",
    "municipio": "Las Guáranas",
    "provincia": "Duarte",
    "region": "Cibao Nordeste"
  },
  {
    "adm2_code": "06004",
    "municipio": "Pimentel",
    "provincia": "Duarte",
    "region": "Cibao Nordeste"
  },
  {
    "adm2_code": "06001",
    "municipio": "San Francisco de Macorís",
    "provincia": "Duarte",
    "region": "Cibao Nordeste"
  },
  {
    "adm2_code": "06005",
    "municipio": "Villa Riva",
    "provincia": "Duarte",
    "region": "Cibao Nordeste"
  },
  {
    "adm2_code": "08001",
    "municipio": "El Seibo",
    "provincia": "El Seibo",
    "region": "Yuma"
  },
  {
    "adm2_code": "08002",
    "municipio": "Miches",
    "provincia": "El Seibo",
    "region": "Yuma"
  },
  {
    "adm2_code": "07002",
    "municipio": "Bánica",
    "provincia": "Elías Piña",
    "region": "El Valle"
  },
  {
    "adm2_code": "07001",
    "municipio": "Comendador",
    "provincia": "Elías Piña",
    "region": "El Valle"
  },
  {
    "adm2_code": "07003",
    "municipio": "El Llano",
    "provincia": "Elías Piña",
    "region": "El Valle"
  },
  {
    "adm2_code": "07004",
    "municipio": "Hondo Valle",
    "provincia": "Elías Piña",
    "region": "El Valle"
  },
  {
    "adm2_code": "07006",
    "municipio": "Juan Santiago",
    "provincia": "Elías Piña",
    "region": "El Valle"
  },
  {
    "adm2_code": "07005",
    "municipio": "Pedro Santana",
    "provincia": "Elías Piña",
    "region": "El Valle"
  },
  {
    "adm2_code": "09002",
    "municipio": "Cayetano Germosén",
    "provincia": "Espaillat",
    "region": "Cibao Norte"
  },
  {
    "adm2_code": "09003",
    "municipio": "Gaspar Hernández",
    "provincia": "Espaillat",
    "region": "Cibao Norte"
  },
  {
    "adm2_code": "09004",
    "municipio": "Jamao Al Norte",
    "provincia": "Espaillat",
    "region": "Cibao Norte"
  },
  {
    "adm2_code": "09001",
    "municipio": "Moca",
    "provincia": "Espaillat",
    "region": "Cibao Norte"
  },
  {
    "adm2_code": "09005",
    "municipio": "San Víctor",
    "provincia": "Espaillat",
    "region": "Cibao Norte"
  },
  {
    "adm2_code": "30003",
    "municipio": "El Valle",
    "provincia": "Hato Mayor",
    "region": "Higuamo"
  },
  {
    "adm2_code": "30001",
    "municipio": "Hato Mayor",
    "provincia": "Hato Mayor",
    "region": "Higuamo"
  },
  {
    "adm2_code": "30002",
    "municipio": "Sabana de La Mar",
    "provincia": "Hato Mayor",
    "region": "Higuamo"
  },
  {
    "adm2_code": "19001",
    "municipio": "Salcedo",
    "provincia": "Hermanas Mirabal",
    "region": "Cibao Nordeste"
  },
  {
    "adm2_code": "19002",
    "municipio": "Tenares",
    "provincia": "Hermanas Mirabal",
    "region": "Cibao Nordeste"
  },
  {
    "adm2_code": "19003",
    "municipio": "Villa Tapia",
    "provincia": "Hermanas Mirabal",
    "region": "Cibao Nordeste"
  },
  {
    "adm2_code": "10005",
    "municipio": "Cristóbal",
    "provincia": "Independencia",
    "region": "Enriquillo"
  },
  {
    "adm2_code": "10002",
    "municipio": "Duvergé",
    "provincia": "Independencia",
    "region": "Enriquillo"
  },
  {
    "adm2_code": "10001",
    "municipio": "Jimaní",
    "provincia": "Independencia",
    "region": "Enriquillo"
  },
  {
    "adm2_code": "10003",
    "municipio": "La Descubierta",
    "provincia": "Independencia",
    "region": "Enriquillo"
  },
  {
    "adm2_code": "10006",
    "municipio": "Mella",
    "provincia": "Independencia",
    "region": "Enriquillo"
  },
  {
    "adm2_code": "10004",
    "municipio": "Postrer Río",
    "provincia": "Independencia",
    "region": "Enriquillo"
  },
  {
    "adm2_code": "11001",
    "municipio": "Higüey",
    "provincia": "La Altagracia",
    "region": "Yuma"
  },
  {
    "adm2_code": "11002",
    "municipio": "San Rafael del Yuma",
    "provincia": "La Altagracia",
    "region": "Yuma"
  },
  {
    "adm2_code": "12002",
    "municipio": "Guaymate",
    "provincia": "La Romana",
    "region": "Yuma"
  },
  {
    "adm2_code": "12001",
    "municipio": "La Romana",
    "provincia": "La Romana",
    "region": "Yuma"
  },
  {
    "adm2_code": "12003",
    "municipio": "Villa Hermosa",
    "provincia": "La Romana",
    "region": "Yuma"
  },
  {
    "adm2_code": "13002",
    "municipio": "Constanza",
    "provincia": "La Vega",
    "region": "Cibao Sur"
  },
  {
    "adm2_code": "13003",
    "municipio": "Jarabacoa",
    "provincia": "La Vega",
    "region": "Cibao Sur"
  },
  {
    "adm2_code": "13004",
    "municipio": "Jima Abajo",
    "provincia": "La Vega",
    "region": "Cibao Sur"
  },
  {
    "adm2_code": "13001",
    "municipio": "La Vega",
    "provincia": "La Vega",
    "region": "Cibao Sur"
  },
  {
    "adm2_code": "14002",
    "municipio": "Cabrera",
    "provincia": "María Trinidad Sánchez",
    "region": "Cibao Nordeste"
  },
  {
    "adm2_code": "14003",
    "municipio": "El Factor",
    "provincia": "María Trinidad Sánchez",
    "region": "Cibao Nordeste"
  },
  {
    "adm2_code": "14001",
    "municipio": "Nagua",
    "provincia": "María Trinidad Sánchez",
    "region": "Cibao Nordeste"
  },
  {
    "adm2_code": "14004",
    "municipio": "Río San Juan",
    "provincia": "María Trinidad Sánchez",
    "region": "Cibao Nordeste"
  },
  {
    "adm2_code": "28001",
    "municipio": "Bonao",
    "provincia": "Monseñor Nouel",
    "region": "Cibao Sur"
  },
  {
    "adm2_code": "28002",
    "municipio": "Maimón",
    "provincia": "Monseñor Nouel",
    "region": "Cibao Sur"
  },
  {
    "adm2_code": "28003",
    "municipio": "Piedra Blanca",
    "provincia": "Monseñor Nouel",
    "region": "Cibao Sur"
  },
  {
    "adm2_code": "15002",
    "municipio": "Castañuelas",
    "provincia": "Monte Cristi",
    "region": "Cibao Noroeste"
  },
  {
    "adm2_code": "15003",
    "municipio": "Guayubín",
    "provincia": "Monte Cristi",
    "region": "Cibao Noroeste"
  },
  {
    "adm2_code": "15004",
    "municipio": "Las Matas de Santa Cruz",
    "provincia": "Monte Cristi",
    "region": "Cibao Noroeste"
  },
  {
    "adm2_code": "15001",
    "municipio": "Monte Cristi",
    "provincia": "Monte Cristi",
    "region": "Cibao Noroeste"
  },
  {
    "adm2_code": "15005",
    "municipio": "Pepillo Salcedo",
    "provincia": "Monte Cristi",
    "region": "Cibao Noroeste"
  },
  {
    "adm2_code": "15006",
    "municipio": "Villa Vásquez",
    "provincia": "Monte Cristi",
    "region": "Cibao Noroeste"
  },
  {
    "adm2_code": "29002",
    "municipio": "Bayaguana",
    "provincia": "Monte Plata",
    "region": "Higuamo"
  },
  {
    "adm2_code": "29001",
    "municipio": "Monte Plata",
    "provincia": "Monte Plata",
    "region": "Higuamo"
  },
  {
    "adm2_code": "29005",
    "municipio": "Peralvillo",
    "provincia": "Monte Plata",
    "region": "Higuamo"
  },
  {
    "adm2_code": "29003",
    "municipio": "Sabana Grande de Boyá",
    "provincia": "Monte Plata",
    "region": "Higuamo"
  },
  {
    "adm2_code": "29004",
    "municipio": "Yamasá",
    "provincia": "Monte Plata",
    "region": "Higuamo"
  },
  {
    "adm2_code": "16002",
    "municipio": "Oviedo",
    "provincia": "Pedernales",
    "region": "Enriquillo"
  },
  {
    "adm2_code": "16001",
    "municipio": "Pedernales",
    "provincia": "Pedernales",
    "region": "Enriquillo"
  },
  {
    "adm2_code": "17001",
    "municipio": "Baní",
    "provincia": "Peravia",
    "region": "Valdesia"
  },
  {
    "adm2_code": "17003",
    "municipio": "Matanzas",
    "provincia": "Peravia",
    "region": "Valdesia"
  },
  {
    "adm2_code": "17002",
    "municipio": "Nizao",
    "provincia": "Peravia",
    "region": "Valdesia"
  },
  {
    "adm2_code": "18002",
    "municipio": "Altamira",
    "provincia": "Puerto Plata",
    "region": "Cibao Norte"
  },
  {
    "adm2_code": "18003",
    "municipio": "Guananico",
    "provincia": "Puerto Plata",
    "region": "Cibao Norte"
  },
  {
    "adm2_code": "18004",
    "municipio": "Imbert",
    "provincia": "Puerto Plata",
    "region": "Cibao Norte"
  },
  {
    "adm2_code": "18005",
    "municipio": "Los Hidalgos",
    "provincia": "Puerto Plata",
    "region": "Cibao Norte"
  },
  {
    "adm2_code": "18006",
    "municipio": "Luperón",
    "provincia": "Puerto Plata",
    "region": "Cibao Norte"
  },
  {
    "adm2_code": "18001",
    "municipio": "Puerto Plata",
    "provincia": "Puerto Plata",
    "region": "Cibao Norte"
  },
  {
    "adm2_code": "18007",
    "municipio": "Sosúa",
    "provincia": "Puerto Plata",
    "region": "Cibao Norte"
  },
  {
    "adm2_code": "18008",
    "municipio": "Villa Isabela",
    "provincia": "Puerto Plata",
    "region": "Cibao Norte"
  },
  {
    "adm2_code": "18009",
    "municipio": "Villa Montellano",
    "provincia": "Puerto Plata",
    "region": "Cibao Norte"
  },
  {
    "adm2_code": "20003",
    "municipio": "Las Terrenas",
    "provincia": "Samaná",
    "region": "Cibao Nordeste"
  },
  {
    "adm2_code": "20001",
    "municipio": "Samaná",
    "provincia": "Samaná",
    "region": "Cibao Nordeste"
  },
  {
    "adm2_code": "20002",
    "municipio": "Sánchez",
    "provincia": "Samaná",
    "region": "Cibao Nordeste"
  },
  {
    "adm2_code": "21003",
    "municipio": "Bajos de Haina",
    "provincia": "San Cristóbal",
    "region": "Valdesia"
  },
  {
    "adm2_code": "21004",
    "municipio": "Cambita Garabitos",
    "provincia": "San Cristóbal",
    "region": "Valdesia"
  },
  {
    "adm2_code": "21008",
    "municipio": "Los Cacaos",
    "provincia": "San Cristóbal",
    "region": "Valdesia"
  },
  {
    "adm2_code": "21002",
    "municipio": "Sabana Grande de Palenque",
    "provincia": "San Cristóbal",
    "region": "Valdesia"
  },
  {
    "adm2_code": "21001",
    "municipio": "San Cristóbal",
    "provincia": "San Cristóbal",
    "region": "Valdesia"
  },
  {
    "adm2_code": "21007",
    "municipio": "San Gregorio de Nigua",
    "provincia": "San Cristóbal",
    "region": "Valdesia"
  },
  {
    "adm2_code": "21005",
    "municipio": "Villa Altagracia",
    "provincia": "San Cristóbal",
    "region": "Valdesia"
  },
  {
    "adm2_code": "21006",
    "municipio": "Yaguate",
    "provincia": "San Cristóbal",
    "region": "Valdesia"
  },
  {
    "adm2_code": "31003",
    "municipio": "Rancho Arriba",
    "provincia": "San José de Ocoa",
    "region": "Valdesia"
  },
  {
    "adm2_code": "31002",
    "municipio": "Sabana Larga",
    "provincia": "San José de Ocoa",
    "region": "Valdesia"
  },
  {
    "adm2_code": "31001",
    "municipio": "San José de Ocoa",
    "provincia": "San José de Ocoa",
    "region": "Valdesia"
  },
  {
    "adm2_code": "22002",
    "municipio": "Bohechío",
    "provincia": "San Juan",
    "region": "El Valle"
  },
  {
    "adm2_code": "22003",
    "municipio": "El Cercado",
    "provincia": "San Juan",
    "region": "El Valle"
  },
  {
    "adm2_code": "22004",
    "municipio": "Juan de Herrera",
    "provincia": "San Juan",
    "region": "El Valle"
  },
  {
    "adm2_code": "22005",
    "municipio": "Las Matas de Farfán",
    "provincia": "San Juan",
    "region": "El Valle"
  },
  {
    "adm2_code": "22001",
    "municipio": "San Juan",
    "provincia": "San Juan",
    "region": "El Valle"
  },
  {
    "adm2_code": "22006",
    "municipio": "Vallejuelo",
    "provincia": "San Juan",
    "region": "El Valle"
  },
  {
    "adm2_code": "23004",
    "municipio": "Consuelo",
    "provincia": "San Pedro de Macorís",
    "region": "Higuamo"
  },
  {
    "adm2_code": "23006",
    "municipio": "Guayacanes",
    "provincia": "San Pedro de Macorís",
    "region": "Higuamo"
  },
  {
    "adm2_code": "23002",
    "municipio": "Los Llanos",
    "provincia": "San Pedro de Macorís",
    "region": "Higuamo"
  },
  {
    "adm2_code": "23005",
    "municipio": "Quisqueya",
    "provincia": "San Pedro de Macorís",
    "region": "Higuamo"
  },
  {
    "adm2_code": "23003",
    "municipio": "Ramón Santana",
    "provincia": "San Pedro de Macorís",
    "region": "Higuamo"
  },
  {
    "adm2_code": "23001",
    "municipio": "San Pedro de Macorís",
    "provincia": "San Pedro de Macorís",
    "region": "Higuamo"
  },
  {
    "adm2_code": "24002",
    "municipio": "Cevicos",
    "provincia": "Sanchez Ramírez",
    "region": "Cibao Sur"
  },
  {
    "adm2_code": "24001",
    "municipio": "Cotuí",
    "provincia": "Sanchez Ramírez",
    "region": "Cibao Sur"
  },
  {
    "adm2_code": "24003",
    "municipio": "Fantino",
    "provincia": "Sanchez Ramírez",
    "region": "Cibao Sur"
  },
  {
    "adm2_code": "24004",
    "municipio": "Villa La Mata",
    "provincia": "Sanchez Ramírez",
    "region": "Cibao Sur"
  },
  {
    "adm2_code": "25010",
    "municipio": "Baitoa",
    "provincia": "Santiago",
    "region": "Cibao Norte"
  },
  {
    "adm2_code": "25002",
    "municipio": "Bisonó",
    "provincia": "Santiago",
    "region": "Cibao Norte"
  },
  {
    "adm2_code": "25003",
    "municipio": "Jánico",
    "provincia": "Santiago",
    "region": "Cibao Norte"
  },
  {
    "adm2_code": "25004",
    "municipio": "Licey al Medio",
    "provincia": "Santiago",
    "region": "Cibao Norte"
  },
  {
    "adm2_code": "25008",
    "municipio": "Puñal",
    "provincia": "Santiago",
    "region": "Cibao Norte"
  },
  {
    "adm2_code": "25009",
    "municipio": "Sabana Iglesia",
    "provincia": "Santiago",
    "region": "Cibao Norte"
  },
  {
    "adm2_code": "25005",
    "municipio": "San José de Las Matas",
    "provincia": "Santiago",
    "region": "Cibao Norte"
  },
  {
    "adm2_code": "25001",
    "municipio": "Santiago",
    "provincia": "Santiago",
    "region": "Cibao Norte"
  },
  {
    "adm2_code": "25006",
    "municipio": "Tamboril",
    "provincia": "Santiago",
    "region": "Cibao Norte"
  },
  {
    "adm2_code": "25007",
    "municipio": "Villa González",
    "provincia": "Santiago",
    "region": "Cibao Norte"
  },
  {
    "adm2_code": "26003",
    "municipio": "Monción",
    "provincia": "Santiago Rodríguez",
    "region": "Cibao Noroeste"
  },
  {
    "adm2_code": "26001",
    "municipio": "San Ignacio de Sabaneta",
    "provincia": "Santiago Rodríguez",
    "region": "Cibao Noroeste"
  },
  {
    "adm2_code": "26002",
    "municipio": "Villa Los Almácigos",
    "provincia": "Santiago Rodríguez",
    "region": "Cibao Noroeste"
  },
  {
    "adm2_code": "32004",
    "municipio": "Boca Chica",
    "provincia": "Santo Domingo",
    "region": "Ozama"
  },
  {
    "adm2_code": "32006",
    "municipio": "Los Alcarrizos",
    "provincia": "Santo Domingo",
    "region": "Ozama"
  },
  {
    "adm2_code": "32007",
    "municipio": "Pedro Brand",
    "provincia": "Santo Domingo",
    "region": "Ozama"
  },
  {
    "adm2_code": "32005",
    "municipio": "San Antonio de Guerra",
    "provincia": "Santo Domingo",
    "region": "Ozama"
  },
  {
    "adm2_code": "32001",
    "municipio": "Santo Domingo Este",
    "provincia": "Santo Domingo",
    "region": "Ozama"
  },
  {
    "adm2_code": "32003",
    "municipio": "Santo Domingo Norte",
    "provincia": "Santo Domingo",
    "region": "Ozama"
  },
  {
    "adm2_code": "32002",
    "municipio": "Santo Domingo Oeste",
    "provincia": "Santo Domingo",
    "region": "Ozama"
  },
  {
    "adm2_code": "27002",
    "municipio": "Esperanza",
    "provincia": "Valverde",
    "region": "Cibao Noroeste"
  },
  {
    "adm2_code": "27003",
    "municipio": "Laguna Salada",
    "provincia": "Valverde",
    "region": "Cibao Noroeste"
  },
  {
    "adm2_code": "27001",
    "municipio": "Mao",
    "provincia": "Valverde",
    "region": "Cibao Noroeste"
  }
]